<?xml version="1.0" encoding="UTF-8"?>
<project-private xmlns="http://www.netbeans.org/ns/project-private/1">
    <editor-bookmarks xmlns="http://www.netbeans.org/ns/editor-bookmarks/2" lastBookmarkId="0"/>
    <open-files xmlns="http://www.netbeans.org/ns/projectui-open-files/2">
        <group>
            <file>file:/H:/DuAn1/21112023/src/View/KhuyenMai.java</file>
            <file>file:/H:/DuAn1/21112023/src/Service/SanPhamService.java</file>
            <file>file:/H:/DuAn1/21112023/src/Model/SanPham.java</file>
            <file>file:/H:/DuAn1/21112023/src/Service/GiamGiaService.java</file>
            <file>file:/H:/DuAn1/21112023/src/Service/MauSacService.java</file>
            <file>file:/H:/DuAn1/21112023/src/Service/PhanLoaiService.java</file>
            <file>file:/H:/DuAn1/21112023/src/Service/SPCTService.java</file>
        </group>
    </open-files>
</project-private>
